{
    "title": "تطبيق المواعيد",
    "settings": "الإعدادات",
    "language": "اللغة",
    "fontSize": "حجم الخط",
    "fontColor": "لون الخط",
    "bgColor": "لون الخلفية",
    "alertTime": "تنبيه قبل (دقيقة)",
    "add": "إضافة موعد",
    "export": "تصدير المواعيد",
    "date": "التاريخ",
    "time": "الوقت",
    "place": "المكان",
    "notes": "ملاحظات",
    "actions": "إجراءات"
}